# June 2026 layoffs sweep — OUTCOME: no NEW rows. One UPDATE to an existing row; one rejection.
#
# Decisions confirmed with human 2026-07-06:
#  - ORACLE: the June 23 10-K's ~21,000 is the CUMULATIVE FY2026 reduction (headcount 162k->141k, year ended 2026-05-31). It ENCOMPASSES the March round already in the dataset as oracle-2026-03 — NOT a separate layoff. So instead of a new oracle-2026-06 row, UPDATE oracle-2026-03: upgrade attribution to explicit_company/mixed and add the verbatim 10-K quote (the company now names AI directly, which the March row lacked). Count stays undisclosed (the 21,000 is a full-year multi-round total, not a single-event count; documented in notes).
#  - GITLAB: REJECTED. The company was firm the restructuring "is not an AI optimization or cost cutting exercise" (Act 2 letter, 2026-05-11). Per scope (AI-attributed only) and the human decision, gitlab-2026-06 is not entered.
#
# This file is an INSTRUCTION, not an append. Below is the proposed REPLACEMENT for the existing oracle-2026-03 row in data/layoffs/layoffs.csv (same id — ids never change). Diff: ai_attribution press_inferred->explicit_company; causal_link contextual->mixed; attribution_quote swapped to the 10-K language; notes/cross_references/updated_date/verification_status updated. announcement_date stays 2026-03-31 (the layoff event); the 10-K is corroborating June evidence. After applying: python scripts/validate-layoffs.py -> node scripts/build-layoffs.js.

id,company,ticker,announcement_date,effective_date,count,count_precision,count_scope,country,region_detail,sector,ai_attribution,causal_link,attribution_quote,attribution_notes,source_url,source_type,press_independent,cross_references,verification_status,added_date,updated_date,notes
oracle-2026-03,Oracle,ORCL,2026-03-31,2026-03-31,,undisclosed,global,US,,tech,explicit_company,mixed,"The adoption and deployment of AI technologies across our operations have resulted, and may continue to result, in reductions to our workforce. — Oracle Corporation, Form 10-K for fiscal year ended May 31, 2026 (filed 2026-06-23)","Company first cut 'thousands' in March 2026 (termination email cited only 'a broader organizational change'; Oracle declined to comment on the AI link — originally coded press_inferred). Oracle's FY2026 10-K (filed 2026-06-23) then explicitly named AI as a workforce-reduction driver, UPGRADING this row's attribution to explicit_company. causal_link=mixed: the 10-K lists AI alongside management/product changes, performance, strategic shifts, and acquisitions, and analysts tie much of the reduction to pandemic-era over-hiring plus an AI-capex refocus. COUNT stays undisclosed: the audited FY26 figure is ~21,000 roles / ~13% (headcount ~162,000 -> ~141,000 over the year), $1.84B restructuring cost vs $374M prior FY — but that is a CUMULATIVE MULTI-ROUND FULL-YEAR total, not a single-event count, so it is documented here rather than entered as this row's count (avoids mis-bucketing/double-counting). The 'up to 30,000' figure is a TD Cowen analyst estimate, never company-confirmed. India >12,000 / rescinded IIT-NIT offers are press-reported, not in the 10-K quote.","https://www.cnbc.com/2026/06/23/oracle-ai-job-cuts-layoffs-21000.html","regulatory_filing",,"Oracle FY2026 Form 10-K (filed 2026-06-23, SEC EDGAR); CNBC 2026-06-23 (10-K); CNBC 2026-03-31 (March cuts, https://www.cnbc.com/2026/03/31/oracle-layoffs-ai-spending.html); Challenger Gray & Christmas March 2026 report","single_source","2026-07-04","2026-07-06","UPDATED June 2026 sweep: folded the June 23 10-K explicit-AI quote into the existing March row (same underlying FY26 restructuring; 21,000 is the cumulative total that includes this March round). verification_status=single_source until the raw 10-K wording is read from EDGAR (SEC.gov 403s the fetcher; quote corroborated verbatim across CNBC/Reuters/Bloomberg). Timeline event 'Oracle Cites AI for Workforce Reductions in SEC Filing' (2026-06-23) references this row via layoff_ids."
